PORT_ID,DEVICE_ID,PORT_NAME,SPEED_GBPS,OPER_STATE,ADMIN_STATE,OPTIC_TYPE,OPTIC_TEMP_C
port:mx960-gldt:et-0/0/0,dev:mx960-gldt,et-0/0/0,400,up,up,10G-SR,38.5
port:mx960-gldt:et-0/0/1,dev:mx960-gldt,et-0/0/1,400,up,up,10G-SR,38.5
port:mx960-gldt:et-0/0/2,dev:mx960-gldt,et-0/0/2,400,up,up,10G-SR,38.5
port:mx960-gldt:et-0/0/3,dev:mx960-gldt,et-0/0/3,400,up,up,10G-SR,38.5
port:mx960-gldt:et-0/0/4,dev:mx960-gldt,et-0/0/4,400,up,up,10G-SR,38.5
port:mx960-gldt:et-0/0/5,dev:mx960-gldt,et-0/0/5,400,up,up,10G-SR,38.5
port:mx960-gldt:et-0/0/6,dev:mx960-gldt,et-0/0/6,400,up,up,10G-SR,38.5
port:mx960-gldt:et-0/0/7,dev:mx960-gldt,et-0/0/7,400,up,up,10G-SR,38.5
port:mx960-gldt:et-0/0/8,dev:mx960-gldt,et-0/0/8,400,up,up,10G-SR,38.5
port:mx960-gldt:et-0/0/9,dev:mx960-gldt,et-0/0/9,400,up,up,10G-SR,38.5
port:mx960-gldt:et-0/0/10,dev:mx960-gldt,et-0/0/10,400,up,up,10G-SR,38.5
port:mx960-gldt:et-0/0/11,dev:mx960-gldt,et-0/0/11,400,up,up,10G-SR,38.5
port:mx304-sang:et-0/0/0,dev:mx304-sang,et-0/0/0,100,up,up,100G-LR4,38.5
port:mx304-sang:et-0/0/1,dev:mx304-sang,et-0/0/1,100,up,up,100G-LR4,38.5
port:mx304-sang:et-0/0/2,dev:mx304-sang,et-0/0/2,100,up,up,100G-LR4,38.5
port:mx304-sang:et-0/0/3,dev:mx304-sang,et-0/0/3,100,up,up,100G-LR4,38.5
port:mx304-sang:xe-0/1/0,dev:mx304-sang,xe-0/1/0,10,up,up,10G-SR,38.5
port:mx304-sang:xe-0/1/1,dev:mx304-sang,xe-0/1/1,10,up,up,10G-SR,38.5
port:mx304-sang:xe-0/1/2,dev:mx304-sang,xe-0/1/2,10,up,up,10G-SR,38.5
port:mx304-sang:xe-0/1/3,dev:mx304-sang,xe-0/1/3,10,up,up,10G-SR,38.5
port:mx304-sang:xe-0/1/4,dev:mx304-sang,xe-0/1/4,10,up,up,10G-SR,38.5
port:mx304-sang:xe-0/1/5,dev:mx304-sang,xe-0/1/5,10,up,up,10G-SR,38.5
port:mx304-sang:xe-0/1/6,dev:mx304-sang,xe-0/1/6,10,up,up,10G-SR,38.5
port:mx304-sang:xe-0/1/7,dev:mx304-sang,xe-0/1/7,10,up,up,10G-SR,38.5
port:mx304-02:et-0/0/0,dev:mx304-02,et-0/0/0,100,up,up,100G-LR4,38.5
port:mx304-02:et-0/0/1,dev:mx304-02,et-0/0/1,100,up,up,100G-LR4,38.5
port:mx304-02:et-0/0/2,dev:mx304-02,et-0/0/2,100,up,up,100G-LR4,38.5
port:mx304-02:et-0/0/3,dev:mx304-02,et-0/0/3,100,up,up,100G-LR4,38.5
port:mx304-02:xe-0/1/0,dev:mx304-02,xe-0/1/0,10,up,up,10G-SR,38.5
port:mx304-02:xe-0/1/1,dev:mx304-02,xe-0/1/1,10,up,up,10G-SR,38.5
port:mx304-02:xe-0/1/2,dev:mx304-02,xe-0/1/2,10,up,up,10G-SR,38.5
port:mx304-02:xe-0/1/3,dev:mx304-02,xe-0/1/3,10,up,up,10G-SR,38.5
port:mx304-02:xe-0/1/4,dev:mx304-02,xe-0/1/4,10,up,up,10G-SR,38.5
port:mx304-02:xe-0/1/5,dev:mx304-02,xe-0/1/5,10,up,up,10G-SR,38.5
port:mx304-02:xe-0/1/6,dev:mx304-02,xe-0/1/6,10,up,up,10G-SR,38.5
port:mx304-02:xe-0/1/7,dev:mx304-02,xe-0/1/7,10,up,up,10G-SR,38.5
port:mx304-03:et-0/0/0,dev:mx304-03,et-0/0/0,100,up,up,100G-LR4,38.5
port:mx304-03:et-0/0/1,dev:mx304-03,et-0/0/1,100,up,up,100G-LR4,38.5
port:mx304-03:et-0/0/2,dev:mx304-03,et-0/0/2,100,up,up,100G-LR4,38.5
port:mx304-03:et-0/0/3,dev:mx304-03,et-0/0/3,100,up,up,100G-LR4,38.5
port:mx304-03:xe-0/1/0,dev:mx304-03,xe-0/1/0,10,up,up,10G-SR,38.5
port:mx304-03:xe-0/1/1,dev:mx304-03,xe-0/1/1,10,up,up,10G-SR,38.5
port:mx304-03:xe-0/1/2,dev:mx304-03,xe-0/1/2,10,up,up,10G-SR,38.5
port:mx304-03:xe-0/1/3,dev:mx304-03,xe-0/1/3,10,up,up,10G-SR,38.5
port:mx304-03:xe-0/1/4,dev:mx304-03,xe-0/1/4,10,up,up,10G-SR,38.5
port:mx304-03:xe-0/1/5,dev:mx304-03,xe-0/1/5,10,up,up,10G-SR,38.5
port:mx304-03:xe-0/1/6,dev:mx304-03,xe-0/1/6,10,up,up,10G-SR,38.5
port:mx304-03:xe-0/1/7,dev:mx304-03,xe-0/1/7,10,up,up,10G-SR,38.5
port:mx304-04:et-0/0/0,dev:mx304-04,et-0/0/0,100,up,up,100G-LR4,38.5
port:mx304-04:et-0/0/1,dev:mx304-04,et-0/0/1,100,up,up,100G-LR4,38.5
port:mx304-04:et-0/0/2,dev:mx304-04,et-0/0/2,100,up,up,100G-LR4,38.5
port:mx304-04:et-0/0/3,dev:mx304-04,et-0/0/3,100,up,up,100G-LR4,38.5
port:mx304-04:xe-0/1/0,dev:mx304-04,xe-0/1/0,10,up,up,10G-SR,38.5
port:mx304-04:xe-0/1/1,dev:mx304-04,xe-0/1/1,10,up,up,10G-SR,38.5
port:mx304-04:xe-0/1/2,dev:mx304-04,xe-0/1/2,10,up,up,10G-SR,38.5
port:mx304-04:xe-0/1/3,dev:mx304-04,xe-0/1/3,10,up,up,10G-SR,38.5
port:mx304-04:xe-0/1/4,dev:mx304-04,xe-0/1/4,10,up,up,10G-SR,38.5
port:mx304-04:xe-0/1/5,dev:mx304-04,xe-0/1/5,10,up,up,10G-SR,38.5
port:mx304-04:xe-0/1/6,dev:mx304-04,xe-0/1/6,10,up,up,10G-SR,38.5
port:mx304-04:xe-0/1/7,dev:mx304-04,xe-0/1/7,10,up,up,10G-SR,38.5
port:mx304-05:et-0/0/0,dev:mx304-05,et-0/0/0,100,up,up,100G-LR4,38.5
port:mx304-05:et-0/0/1,dev:mx304-05,et-0/0/1,100,up,up,100G-LR4,38.5
port:mx304-05:et-0/0/2,dev:mx304-05,et-0/0/2,100,up,up,100G-LR4,38.5
port:mx304-05:et-0/0/3,dev:mx304-05,et-0/0/3,100,up,up,100G-LR4,38.5
port:mx304-05:xe-0/1/0,dev:mx304-05,xe-0/1/0,10,up,up,10G-SR,38.5
port:mx304-05:xe-0/1/1,dev:mx304-05,xe-0/1/1,10,up,up,10G-SR,38.5
port:mx304-05:xe-0/1/2,dev:mx304-05,xe-0/1/2,10,up,up,10G-SR,38.5
port:mx304-05:xe-0/1/3,dev:mx304-05,xe-0/1/3,10,up,up,10G-SR,38.5
port:mx304-05:xe-0/1/4,dev:mx304-05,xe-0/1/4,10,up,up,10G-SR,38.5
port:mx304-05:xe-0/1/5,dev:mx304-05,xe-0/1/5,10,up,up,10G-SR,38.5
port:mx304-05:xe-0/1/6,dev:mx304-05,xe-0/1/6,10,up,up,10G-SR,38.5
port:mx304-05:xe-0/1/7,dev:mx304-05,xe-0/1/7,10,up,up,10G-SR,38.5
port:mx304-06:et-0/0/0,dev:mx304-06,et-0/0/0,100,up,up,100G-LR4,38.5
port:mx304-06:et-0/0/1,dev:mx304-06,et-0/0/1,100,up,up,100G-LR4,38.5
port:mx304-06:et-0/0/2,dev:mx304-06,et-0/0/2,100,up,up,100G-LR4,38.5
port:mx304-06:et-0/0/3,dev:mx304-06,et-0/0/3,100,up,up,100G-LR4,38.5
port:mx304-06:xe-0/1/0,dev:mx304-06,xe-0/1/0,10,up,up,10G-SR,38.5
port:mx304-06:xe-0/1/1,dev:mx304-06,xe-0/1/1,10,up,up,10G-SR,38.5
port:mx304-06:xe-0/1/2,dev:mx304-06,xe-0/1/2,10,up,up,10G-SR,38.5
port:mx304-06:xe-0/1/3,dev:mx304-06,xe-0/1/3,10,up,up,10G-SR,38.5
port:mx304-06:xe-0/1/4,dev:mx304-06,xe-0/1/4,10,up,up,10G-SR,38.5
port:mx304-06:xe-0/1/5,dev:mx304-06,xe-0/1/5,10,up,up,10G-SR,38.5
port:mx304-06:xe-0/1/6,dev:mx304-06,xe-0/1/6,10,up,up,10G-SR,38.5
port:mx304-06:xe-0/1/7,dev:mx304-06,xe-0/1/7,10,up,up,10G-SR,38.5
port:mx304-07:et-0/0/0,dev:mx304-07,et-0/0/0,100,up,up,100G-LR4,38.5
port:mx304-07:et-0/0/1,dev:mx304-07,et-0/0/1,100,up,up,100G-LR4,38.5
port:mx304-07:et-0/0/2,dev:mx304-07,et-0/0/2,100,up,up,100G-LR4,38.5
port:mx304-07:et-0/0/3,dev:mx304-07,et-0/0/3,100,up,up,100G-LR4,38.5
port:mx304-07:xe-0/1/0,dev:mx304-07,xe-0/1/0,10,up,up,10G-SR,38.5
port:mx304-07:xe-0/1/1,dev:mx304-07,xe-0/1/1,10,up,up,10G-SR,38.5
port:mx304-07:xe-0/1/2,dev:mx304-07,xe-0/1/2,10,up,up,10G-SR,38.5
port:mx304-07:xe-0/1/3,dev:mx304-07,xe-0/1/3,10,up,up,10G-SR,38.5
port:mx304-07:xe-0/1/4,dev:mx304-07,xe-0/1/4,10,up,up,10G-SR,38.5
port:mx304-07:xe-0/1/5,dev:mx304-07,xe-0/1/5,10,up,up,10G-SR,38.5
port:mx304-07:xe-0/1/6,dev:mx304-07,xe-0/1/6,10,up,up,10G-SR,38.5
port:mx304-07:xe-0/1/7,dev:mx304-07,xe-0/1/7,10,up,up,10G-SR,38.5
port:mx304-08:et-0/0/0,dev:mx304-08,et-0/0/0,100,up,up,100G-LR4,38.5
port:mx304-08:et-0/0/1,dev:mx304-08,et-0/0/1,100,up,up,100G-LR4,38.5
port:mx304-08:et-0/0/2,dev:mx304-08,et-0/0/2,100,up,up,100G-LR4,38.5
port:mx304-08:et-0/0/3,dev:mx304-08,et-0/0/3,100,up,up,100G-LR4,38.5
port:mx304-08:xe-0/1/0,dev:mx304-08,xe-0/1/0,10,up,up,10G-SR,38.5
port:mx304-08:xe-0/1/1,dev:mx304-08,xe-0/1/1,10,up,up,10G-SR,38.5
port:mx304-08:xe-0/1/2,dev:mx304-08,xe-0/1/2,10,up,up,10G-SR,38.5
port:mx304-08:xe-0/1/3,dev:mx304-08,xe-0/1/3,10,up,up,10G-SR,38.5
port:mx304-08:xe-0/1/4,dev:mx304-08,xe-0/1/4,10,up,up,10G-SR,38.5
port:mx304-08:xe-0/1/5,dev:mx304-08,xe-0/1/5,10,up,up,10G-SR,38.5
port:mx304-08:xe-0/1/6,dev:mx304-08,xe-0/1/6,10,up,up,10G-SR,38.5
port:mx304-08:xe-0/1/7,dev:mx304-08,xe-0/1/7,10,up,up,10G-SR,38.5
port:mx304-09:et-0/0/0,dev:mx304-09,et-0/0/0,100,up,up,100G-LR4,38.5
port:mx304-09:et-0/0/1,dev:mx304-09,et-0/0/1,100,up,up,100G-LR4,38.5
port:mx304-09:et-0/0/2,dev:mx304-09,et-0/0/2,100,up,up,100G-LR4,38.5
port:mx304-09:et-0/0/3,dev:mx304-09,et-0/0/3,100,up,up,100G-LR4,38.5
port:mx304-09:xe-0/1/0,dev:mx304-09,xe-0/1/0,10,up,up,10G-SR,38.5
port:mx304-09:xe-0/1/1,dev:mx304-09,xe-0/1/1,10,up,up,10G-SR,38.5
port:mx304-09:xe-0/1/2,dev:mx304-09,xe-0/1/2,10,up,up,10G-SR,38.5
port:mx304-09:xe-0/1/3,dev:mx304-09,xe-0/1/3,10,up,up,10G-SR,38.5
port:mx304-09:xe-0/1/4,dev:mx304-09,xe-0/1/4,10,up,up,10G-SR,38.5
port:mx304-09:xe-0/1/5,dev:mx304-09,xe-0/1/5,10,up,up,10G-SR,38.5
port:mx304-09:xe-0/1/6,dev:mx304-09,xe-0/1/6,10,up,up,10G-SR,38.5
port:mx304-09:xe-0/1/7,dev:mx304-09,xe-0/1/7,10,up,up,10G-SR,38.5
port:acx-gldt-a:et-0/0/0,dev:acx-gldt-a,et-0/0/0,100,up,up,100G-LR4,38.5
port:acx-gldt-a:et-0/0/1,dev:acx-gldt-a,et-0/0/1,100,up,up,100G-LR4,38.5
port:acx-gldt-a:xe-0/0/0,dev:acx-gldt-a,xe-0/0/0,10,up,up,10G-SR,38.5
port:acx-gldt-a:xe-0/0/1,dev:acx-gldt-a,xe-0/0/1,10,up,up,10G-SR,38.5
port:acx-gldt-a:xe-0/0/2,dev:acx-gldt-a,xe-0/0/2,10,up,up,10G-SR,38.5
port:acx-gldt-a:xe-0/0/3,dev:acx-gldt-a,xe-0/0/3,10,up,up,10G-SR,38.5
port:acx-sang-a:et-0/0/0,dev:acx-sang-a,et-0/0/0,100,up,up,100G-LR4,38.5
port:acx-sang-a:et-0/0/1,dev:acx-sang-a,et-0/0/1,100,up,up,100G-LR4,38.5
port:acx-sang-a:xe-0/0/0,dev:acx-sang-a,xe-0/0/0,10,up,up,10G-SR,38.5
port:acx-sang-a:xe-0/0/1,dev:acx-sang-a,xe-0/0/1,10,up,up,10G-SR,38.5
port:acx-sang-a:xe-0/0/2,dev:acx-sang-a,xe-0/0/2,10,up,up,10G-SR,38.5
port:acx-sang-a:xe-0/0/3,dev:acx-sang-a,xe-0/0/3,10,up,up,10G-SR,38.5
port:acx-03:et-0/0/0,dev:acx-03,et-0/0/0,100,up,up,100G-LR4,38.5
port:acx-03:et-0/0/1,dev:acx-03,et-0/0/1,100,up,up,100G-LR4,38.5
port:acx-03:xe-0/0/0,dev:acx-03,xe-0/0/0,10,up,up,10G-SR,38.5
port:acx-03:xe-0/0/1,dev:acx-03,xe-0/0/1,10,up,up,10G-SR,38.5
port:acx-03:xe-0/0/2,dev:acx-03,xe-0/0/2,10,up,up,10G-SR,38.5
port:acx-03:xe-0/0/3,dev:acx-03,xe-0/0/3,10,up,up,10G-SR,38.5
port:acx-04:et-0/0/0,dev:acx-04,et-0/0/0,100,up,up,100G-LR4,38.5
port:acx-04:et-0/0/1,dev:acx-04,et-0/0/1,100,up,up,100G-LR4,38.5
port:acx-04:xe-0/0/0,dev:acx-04,xe-0/0/0,10,up,up,10G-SR,38.5
port:acx-04:xe-0/0/1,dev:acx-04,xe-0/0/1,10,up,up,10G-SR,38.5
port:acx-04:xe-0/0/2,dev:acx-04,xe-0/0/2,10,up,up,10G-SR,38.5
port:acx-04:xe-0/0/3,dev:acx-04,xe-0/0/3,10,up,up,10G-SR,38.5
port:acx-05:et-0/0/0,dev:acx-05,et-0/0/0,100,up,up,100G-LR4,38.5
port:acx-05:et-0/0/1,dev:acx-05,et-0/0/1,100,up,up,100G-LR4,38.5
port:acx-05:xe-0/0/0,dev:acx-05,xe-0/0/0,10,up,up,10G-SR,38.5
port:acx-05:xe-0/0/1,dev:acx-05,xe-0/0/1,10,up,up,10G-SR,38.5
port:acx-05:xe-0/0/2,dev:acx-05,xe-0/0/2,10,up,up,10G-SR,38.5
port:acx-05:xe-0/0/3,dev:acx-05,xe-0/0/3,10,up,up,10G-SR,38.5
port:acx-06:et-0/0/0,dev:acx-06,et-0/0/0,100,up,up,100G-LR4,38.5
port:acx-06:et-0/0/1,dev:acx-06,et-0/0/1,100,up,up,100G-LR4,38.5
port:acx-06:xe-0/0/0,dev:acx-06,xe-0/0/0,10,up,up,10G-SR,38.5
port:acx-06:xe-0/0/1,dev:acx-06,xe-0/0/1,10,up,up,10G-SR,38.5
port:acx-06:xe-0/0/2,dev:acx-06,xe-0/0/2,10,up,up,10G-SR,38.5
port:acx-06:xe-0/0/3,dev:acx-06,xe-0/0/3,10,up,up,10G-SR,38.5
port:acx-07:et-0/0/0,dev:acx-07,et-0/0/0,100,up,up,100G-LR4,38.5
port:acx-07:et-0/0/1,dev:acx-07,et-0/0/1,100,up,up,100G-LR4,38.5
port:acx-07:xe-0/0/0,dev:acx-07,xe-0/0/0,10,up,up,10G-SR,38.5
port:acx-07:xe-0/0/1,dev:acx-07,xe-0/0/1,10,up,up,10G-SR,38.5
port:acx-07:xe-0/0/2,dev:acx-07,xe-0/0/2,10,up,up,10G-SR,38.5
port:acx-07:xe-0/0/3,dev:acx-07,xe-0/0/3,10,up,up,10G-SR,38.5
port:acx-08:et-0/0/0,dev:acx-08,et-0/0/0,100,up,up,100G-LR4,38.5
port:acx-08:et-0/0/1,dev:acx-08,et-0/0/1,100,up,up,100G-LR4,38.5
port:acx-08:xe-0/0/0,dev:acx-08,xe-0/0/0,10,up,up,10G-SR,38.5
port:acx-08:xe-0/0/1,dev:acx-08,xe-0/0/1,10,up,up,10G-SR,38.5
port:acx-08:xe-0/0/2,dev:acx-08,xe-0/0/2,10,up,up,10G-SR,38.5
port:acx-08:xe-0/0/3,dev:acx-08,xe-0/0/3,10,up,up,10G-SR,38.5
port:acx-09:et-0/0/0,dev:acx-09,et-0/0/0,100,up,up,100G-LR4,38.5
port:acx-09:et-0/0/1,dev:acx-09,et-0/0/1,100,up,up,100G-LR4,38.5
port:acx-09:xe-0/0/0,dev:acx-09,xe-0/0/0,10,up,up,10G-SR,38.5
port:acx-09:xe-0/0/1,dev:acx-09,xe-0/0/1,10,up,up,10G-SR,38.5
port:acx-09:xe-0/0/2,dev:acx-09,xe-0/0/2,10,up,up,10G-SR,38.5
port:acx-09:xe-0/0/3,dev:acx-09,xe-0/0/3,10,up,up,10G-SR,38.5
port:acx-10:et-0/0/0,dev:acx-10,et-0/0/0,100,up,up,100G-LR4,38.5
port:acx-10:et-0/0/1,dev:acx-10,et-0/0/1,100,up,up,100G-LR4,38.5
port:acx-10:xe-0/0/0,dev:acx-10,xe-0/0/0,10,up,up,10G-SR,38.5
port:acx-10:xe-0/0/1,dev:acx-10,xe-0/0/1,10,up,up,10G-SR,38.5
port:acx-10:xe-0/0/2,dev:acx-10,xe-0/0/2,10,up,up,10G-SR,38.5
port:acx-10:xe-0/0/3,dev:acx-10,xe-0/0/3,10,up,up,10G-SR,38.5
port:acx-11:et-0/0/0,dev:acx-11,et-0/0/0,100,up,up,100G-LR4,38.5
port:acx-11:et-0/0/1,dev:acx-11,et-0/0/1,100,up,up,100G-LR4,38.5
port:acx-11:xe-0/0/0,dev:acx-11,xe-0/0/0,10,up,up,10G-SR,38.5
port:acx-11:xe-0/0/1,dev:acx-11,xe-0/0/1,10,up,up,10G-SR,38.5
port:acx-11:xe-0/0/2,dev:acx-11,xe-0/0/2,10,up,up,10G-SR,38.5
port:acx-11:xe-0/0/3,dev:acx-11,xe-0/0/3,10,up,up,10G-SR,38.5
port:acx-12:et-0/0/0,dev:acx-12,et-0/0/0,100,up,up,100G-LR4,38.5
port:acx-12:et-0/0/1,dev:acx-12,et-0/0/1,100,up,up,100G-LR4,38.5
port:acx-12:xe-0/0/0,dev:acx-12,xe-0/0/0,10,up,up,10G-SR,38.5
port:acx-12:xe-0/0/1,dev:acx-12,xe-0/0/1,10,up,up,10G-SR,38.5
port:acx-12:xe-0/0/2,dev:acx-12,xe-0/0/2,10,up,up,10G-SR,38.5
port:acx-12:xe-0/0/3,dev:acx-12,xe-0/0/3,10,up,up,10G-SR,38.5
port:acx-13:et-0/0/0,dev:acx-13,et-0/0/0,100,up,up,100G-LR4,38.5
port:acx-13:et-0/0/1,dev:acx-13,et-0/0/1,100,up,up,100G-LR4,38.5
port:acx-13:xe-0/0/0,dev:acx-13,xe-0/0/0,10,up,up,10G-SR,38.5
port:acx-13:xe-0/0/1,dev:acx-13,xe-0/0/1,10,up,up,10G-SR,38.5
port:acx-13:xe-0/0/2,dev:acx-13,xe-0/0/2,10,up,up,10G-SR,38.5
port:acx-13:xe-0/0/3,dev:acx-13,xe-0/0/3,10,up,up,10G-SR,38.5
port:acx-14:et-0/0/0,dev:acx-14,et-0/0/0,100,up,up,100G-LR4,38.5
port:acx-14:et-0/0/1,dev:acx-14,et-0/0/1,100,up,up,100G-LR4,38.5
port:acx-14:xe-0/0/0,dev:acx-14,xe-0/0/0,10,up,up,10G-SR,38.5
port:acx-14:xe-0/0/1,dev:acx-14,xe-0/0/1,10,up,up,10G-SR,38.5
port:acx-14:xe-0/0/2,dev:acx-14,xe-0/0/2,10,up,up,10G-SR,38.5
port:acx-14:xe-0/0/3,dev:acx-14,xe-0/0/3,10,up,up,10G-SR,38.5
port:acx-15:et-0/0/0,dev:acx-15,et-0/0/0,100,up,up,100G-LR4,38.5
port:acx-15:et-0/0/1,dev:acx-15,et-0/0/1,100,up,up,100G-LR4,38.5
port:acx-15:xe-0/0/0,dev:acx-15,xe-0/0/0,10,up,up,10G-SR,38.5
port:acx-15:xe-0/0/1,dev:acx-15,xe-0/0/1,10,up,up,10G-SR,38.5
port:acx-15:xe-0/0/2,dev:acx-15,xe-0/0/2,10,up,up,10G-SR,38.5
port:acx-15:xe-0/0/3,dev:acx-15,xe-0/0/3,10,up,up,10G-SR,38.5
port:acx-16:et-0/0/0,dev:acx-16,et-0/0/0,100,up,up,100G-LR4,38.5
port:acx-16:et-0/0/1,dev:acx-16,et-0/0/1,100,up,up,100G-LR4,38.5
port:acx-16:xe-0/0/0,dev:acx-16,xe-0/0/0,10,up,up,10G-SR,38.5
port:acx-16:xe-0/0/1,dev:acx-16,xe-0/0/1,10,up,up,10G-SR,38.5
port:acx-16:xe-0/0/2,dev:acx-16,xe-0/0/2,10,up,up,10G-SR,38.5
port:acx-16:xe-0/0/3,dev:acx-16,xe-0/0/3,10,up,up,10G-SR,38.5
port:acx-17:et-0/0/0,dev:acx-17,et-0/0/0,100,up,up,100G-LR4,38.5
port:acx-17:et-0/0/1,dev:acx-17,et-0/0/1,100,up,up,100G-LR4,38.5
port:acx-17:xe-0/0/0,dev:acx-17,xe-0/0/0,10,up,up,10G-SR,38.5
port:acx-17:xe-0/0/1,dev:acx-17,xe-0/0/1,10,up,up,10G-SR,38.5
port:acx-17:xe-0/0/2,dev:acx-17,xe-0/0/2,10,up,up,10G-SR,38.5
port:acx-17:xe-0/0/3,dev:acx-17,xe-0/0/3,10,up,up,10G-SR,38.5
port:acx-18:et-0/0/0,dev:acx-18,et-0/0/0,100,up,up,100G-LR4,38.5
port:acx-18:et-0/0/1,dev:acx-18,et-0/0/1,100,up,up,100G-LR4,38.5
port:acx-18:xe-0/0/0,dev:acx-18,xe-0/0/0,10,up,up,10G-SR,38.5
port:acx-18:xe-0/0/1,dev:acx-18,xe-0/0/1,10,up,up,10G-SR,38.5
port:acx-18:xe-0/0/2,dev:acx-18,xe-0/0/2,10,up,up,10G-SR,38.5
port:acx-18:xe-0/0/3,dev:acx-18,xe-0/0/3,10,up,up,10G-SR,38.5
port:acx-19:et-0/0/0,dev:acx-19,et-0/0/0,100,up,up,100G-LR4,38.5
port:acx-19:et-0/0/1,dev:acx-19,et-0/0/1,100,up,up,100G-LR4,38.5
port:acx-19:xe-0/0/0,dev:acx-19,xe-0/0/0,10,up,up,10G-SR,38.5
port:acx-19:xe-0/0/1,dev:acx-19,xe-0/0/1,10,up,up,10G-SR,38.5
port:acx-19:xe-0/0/2,dev:acx-19,xe-0/0/2,10,up,up,10G-SR,38.5
port:acx-19:xe-0/0/3,dev:acx-19,xe-0/0/3,10,up,up,10G-SR,38.5
port:acx-20:et-0/0/0,dev:acx-20,et-0/0/0,100,up,up,100G-LR4,38.5
port:acx-20:et-0/0/1,dev:acx-20,et-0/0/1,100,up,up,100G-LR4,38.5
port:acx-20:xe-0/0/0,dev:acx-20,xe-0/0/0,10,up,up,10G-SR,38.5
port:acx-20:xe-0/0/1,dev:acx-20,xe-0/0/1,10,up,up,10G-SR,38.5
port:acx-20:xe-0/0/2,dev:acx-20,xe-0/0/2,10,up,up,10G-SR,38.5
port:acx-20:xe-0/0/3,dev:acx-20,xe-0/0/3,10,up,up,10G-SR,38.5
port:acx-21:et-0/0/0,dev:acx-21,et-0/0/0,100,up,up,100G-LR4,38.5
port:acx-21:et-0/0/1,dev:acx-21,et-0/0/1,100,up,up,100G-LR4,38.5
port:acx-21:xe-0/0/0,dev:acx-21,xe-0/0/0,10,up,up,10G-SR,38.5
port:acx-21:xe-0/0/1,dev:acx-21,xe-0/0/1,10,up,up,10G-SR,38.5
port:acx-21:xe-0/0/2,dev:acx-21,xe-0/0/2,10,up,up,10G-SR,38.5
port:acx-21:xe-0/0/3,dev:acx-21,xe-0/0/3,10,up,up,10G-SR,38.5
port:acx-22:et-0/0/0,dev:acx-22,et-0/0/0,100,up,up,100G-LR4,38.5
port:acx-22:et-0/0/1,dev:acx-22,et-0/0/1,100,up,up,100G-LR4,38.5
port:acx-22:xe-0/0/0,dev:acx-22,xe-0/0/0,10,up,up,10G-SR,38.5
port:acx-22:xe-0/0/1,dev:acx-22,xe-0/0/1,10,up,up,10G-SR,38.5
port:acx-22:xe-0/0/2,dev:acx-22,xe-0/0/2,10,up,up,10G-SR,38.5
port:acx-22:xe-0/0/3,dev:acx-22,xe-0/0/3,10,up,up,10G-SR,38.5
port:acx-23:et-0/0/0,dev:acx-23,et-0/0/0,100,up,up,100G-LR4,38.5
port:acx-23:et-0/0/1,dev:acx-23,et-0/0/1,100,up,up,100G-LR4,38.5
port:acx-23:xe-0/0/0,dev:acx-23,xe-0/0/0,10,up,up,10G-SR,38.5
port:acx-23:xe-0/0/1,dev:acx-23,xe-0/0/1,10,up,up,10G-SR,38.5
port:acx-23:xe-0/0/2,dev:acx-23,xe-0/0/2,10,up,up,10G-SR,38.5
port:acx-23:xe-0/0/3,dev:acx-23,xe-0/0/3,10,up,up,10G-SR,38.5
port:acx-24:et-0/0/0,dev:acx-24,et-0/0/0,100,up,up,100G-LR4,38.5
port:acx-24:et-0/0/1,dev:acx-24,et-0/0/1,100,up,up,100G-LR4,38.5
port:acx-24:xe-0/0/0,dev:acx-24,xe-0/0/0,10,up,up,10G-SR,38.5
port:acx-24:xe-0/0/1,dev:acx-24,xe-0/0/1,10,up,up,10G-SR,38.5
port:acx-24:xe-0/0/2,dev:acx-24,xe-0/0/2,10,up,up,10G-SR,38.5
port:acx-24:xe-0/0/3,dev:acx-24,xe-0/0/3,10,up,up,10G-SR,38.5
port:acx-25:et-0/0/0,dev:acx-25,et-0/0/0,100,up,up,100G-LR4,38.5
port:acx-25:et-0/0/1,dev:acx-25,et-0/0/1,100,up,up,100G-LR4,38.5
port:acx-25:xe-0/0/0,dev:acx-25,xe-0/0/0,10,up,up,10G-SR,38.5
port:acx-25:xe-0/0/1,dev:acx-25,xe-0/0/1,10,up,up,10G-SR,38.5
port:acx-25:xe-0/0/2,dev:acx-25,xe-0/0/2,10,up,up,10G-SR,38.5
port:acx-25:xe-0/0/3,dev:acx-25,xe-0/0/3,10,up,up,10G-SR,38.5
port:acx-26:et-0/0/0,dev:acx-26,et-0/0/0,100,up,up,100G-LR4,38.5
port:acx-26:et-0/0/1,dev:acx-26,et-0/0/1,100,up,up,100G-LR4,38.5
port:acx-26:xe-0/0/0,dev:acx-26,xe-0/0/0,10,up,up,10G-SR,38.5
port:acx-26:xe-0/0/1,dev:acx-26,xe-0/0/1,10,up,up,10G-SR,38.5
port:acx-26:xe-0/0/2,dev:acx-26,xe-0/0/2,10,up,up,10G-SR,38.5
port:acx-26:xe-0/0/3,dev:acx-26,xe-0/0/3,10,up,up,10G-SR,38.5
port:acx-27:et-0/0/0,dev:acx-27,et-0/0/0,100,up,up,100G-LR4,38.5
port:acx-27:et-0/0/1,dev:acx-27,et-0/0/1,100,up,up,100G-LR4,38.5
port:acx-27:xe-0/0/0,dev:acx-27,xe-0/0/0,10,up,up,10G-SR,38.5
port:acx-27:xe-0/0/1,dev:acx-27,xe-0/0/1,10,up,up,10G-SR,38.5
port:acx-27:xe-0/0/2,dev:acx-27,xe-0/0/2,10,up,up,10G-SR,38.5
port:acx-27:xe-0/0/3,dev:acx-27,xe-0/0/3,10,up,up,10G-SR,38.5
port:acx-28:et-0/0/0,dev:acx-28,et-0/0/0,100,up,up,100G-LR4,38.5
port:acx-28:et-0/0/1,dev:acx-28,et-0/0/1,100,up,up,100G-LR4,38.5
port:acx-28:xe-0/0/0,dev:acx-28,xe-0/0/0,10,up,up,10G-SR,38.5
port:acx-28:xe-0/0/1,dev:acx-28,xe-0/0/1,10,up,up,10G-SR,38.5
port:acx-28:xe-0/0/2,dev:acx-28,xe-0/0/2,10,up,up,10G-SR,38.5
port:acx-28:xe-0/0/3,dev:acx-28,xe-0/0/3,10,up,up,10G-SR,38.5
port:acx-29:et-0/0/0,dev:acx-29,et-0/0/0,100,up,up,100G-LR4,38.5
port:acx-29:et-0/0/1,dev:acx-29,et-0/0/1,100,up,up,100G-LR4,38.5
port:acx-29:xe-0/0/0,dev:acx-29,xe-0/0/0,10,up,up,10G-SR,38.5
port:acx-29:xe-0/0/1,dev:acx-29,xe-0/0/1,10,up,up,10G-SR,38.5
port:acx-29:xe-0/0/2,dev:acx-29,xe-0/0/2,10,up,up,10G-SR,38.5
port:acx-29:xe-0/0/3,dev:acx-29,xe-0/0/3,10,up,up,10G-SR,38.5
port:acx-30:et-0/0/0,dev:acx-30,et-0/0/0,100,up,up,100G-LR4,38.5
port:acx-30:et-0/0/1,dev:acx-30,et-0/0/1,100,up,up,100G-LR4,38.5
port:acx-30:xe-0/0/0,dev:acx-30,xe-0/0/0,10,up,up,10G-SR,38.5
port:acx-30:xe-0/0/1,dev:acx-30,xe-0/0/1,10,up,up,10G-SR,38.5
port:acx-30:xe-0/0/2,dev:acx-30,xe-0/0/2,10,up,up,10G-SR,38.5
port:acx-30:xe-0/0/3,dev:acx-30,xe-0/0/3,10,up,up,10G-SR,38.5
port:acx-31:et-0/0/0,dev:acx-31,et-0/0/0,100,up,up,100G-LR4,38.5
port:acx-31:et-0/0/1,dev:acx-31,et-0/0/1,100,up,up,100G-LR4,38.5
port:acx-31:xe-0/0/0,dev:acx-31,xe-0/0/0,10,up,up,10G-SR,38.5
port:acx-31:xe-0/0/1,dev:acx-31,xe-0/0/1,10,up,up,10G-SR,38.5
port:acx-31:xe-0/0/2,dev:acx-31,xe-0/0/2,10,up,up,10G-SR,38.5
port:acx-31:xe-0/0/3,dev:acx-31,xe-0/0/3,10,up,up,10G-SR,38.5
port:acx-32:et-0/0/0,dev:acx-32,et-0/0/0,100,up,up,100G-LR4,38.5
port:acx-32:et-0/0/1,dev:acx-32,et-0/0/1,100,up,up,100G-LR4,38.5
port:acx-32:xe-0/0/0,dev:acx-32,xe-0/0/0,10,up,up,10G-SR,38.5
port:acx-32:xe-0/0/1,dev:acx-32,xe-0/0/1,10,up,up,10G-SR,38.5
port:acx-32:xe-0/0/2,dev:acx-32,xe-0/0/2,10,up,up,10G-SR,38.5
port:acx-32:xe-0/0/3,dev:acx-32,xe-0/0/3,10,up,up,10G-SR,38.5
port:acx-33:et-0/0/0,dev:acx-33,et-0/0/0,100,up,up,100G-LR4,38.5
port:acx-33:et-0/0/1,dev:acx-33,et-0/0/1,100,up,up,100G-LR4,38.5
port:acx-33:xe-0/0/0,dev:acx-33,xe-0/0/0,10,up,up,10G-SR,38.5
port:acx-33:xe-0/0/1,dev:acx-33,xe-0/0/1,10,up,up,10G-SR,38.5
port:acx-33:xe-0/0/2,dev:acx-33,xe-0/0/2,10,up,up,10G-SR,38.5
port:acx-33:xe-0/0/3,dev:acx-33,xe-0/0/3,10,up,up,10G-SR,38.5
port:acx-34:et-0/0/0,dev:acx-34,et-0/0/0,100,up,up,100G-LR4,38.5
port:acx-34:et-0/0/1,dev:acx-34,et-0/0/1,100,up,up,100G-LR4,38.5
port:acx-34:xe-0/0/0,dev:acx-34,xe-0/0/0,10,up,up,10G-SR,38.5
port:acx-34:xe-0/0/1,dev:acx-34,xe-0/0/1,10,up,up,10G-SR,38.5
port:acx-34:xe-0/0/2,dev:acx-34,xe-0/0/2,10,up,up,10G-SR,38.5
port:acx-34:xe-0/0/3,dev:acx-34,xe-0/0/3,10,up,up,10G-SR,38.5
port:acx-35:et-0/0/0,dev:acx-35,et-0/0/0,100,up,up,100G-LR4,38.5
port:acx-35:et-0/0/1,dev:acx-35,et-0/0/1,100,up,up,100G-LR4,38.5
port:acx-35:xe-0/0/0,dev:acx-35,xe-0/0/0,10,up,up,10G-SR,38.5
port:acx-35:xe-0/0/1,dev:acx-35,xe-0/0/1,10,up,up,10G-SR,38.5
port:acx-35:xe-0/0/2,dev:acx-35,xe-0/0/2,10,up,up,10G-SR,38.5
port:acx-35:xe-0/0/3,dev:acx-35,xe-0/0/3,10,up,up,10G-SR,38.5
port:acx-36:et-0/0/0,dev:acx-36,et-0/0/0,100,up,up,100G-LR4,38.5
port:acx-36:et-0/0/1,dev:acx-36,et-0/0/1,100,up,up,100G-LR4,38.5
port:acx-36:xe-0/0/0,dev:acx-36,xe-0/0/0,10,up,up,10G-SR,38.5
port:acx-36:xe-0/0/1,dev:acx-36,xe-0/0/1,10,up,up,10G-SR,38.5
port:acx-36:xe-0/0/2,dev:acx-36,xe-0/0/2,10,up,up,10G-SR,38.5
port:acx-36:xe-0/0/3,dev:acx-36,xe-0/0/3,10,up,up,10G-SR,38.5
port:acx-37:et-0/0/0,dev:acx-37,et-0/0/0,100,up,up,100G-LR4,38.5
port:acx-37:et-0/0/1,dev:acx-37,et-0/0/1,100,up,up,100G-LR4,38.5
port:acx-37:xe-0/0/0,dev:acx-37,xe-0/0/0,10,up,up,10G-SR,38.5
port:acx-37:xe-0/0/1,dev:acx-37,xe-0/0/1,10,up,up,10G-SR,38.5
port:acx-37:xe-0/0/2,dev:acx-37,xe-0/0/2,10,up,up,10G-SR,38.5
port:acx-37:xe-0/0/3,dev:acx-37,xe-0/0/3,10,up,up,10G-SR,38.5
port:acx-38:et-0/0/0,dev:acx-38,et-0/0/0,100,up,up,100G-LR4,38.5
port:acx-38:et-0/0/1,dev:acx-38,et-0/0/1,100,up,up,100G-LR4,38.5
port:acx-38:xe-0/0/0,dev:acx-38,xe-0/0/0,10,up,up,10G-SR,38.5
port:acx-38:xe-0/0/1,dev:acx-38,xe-0/0/1,10,up,up,10G-SR,38.5
port:acx-38:xe-0/0/2,dev:acx-38,xe-0/0/2,10,up,up,10G-SR,38.5
port:acx-38:xe-0/0/3,dev:acx-38,xe-0/0/3,10,up,up,10G-SR,38.5
port:acx-39:et-0/0/0,dev:acx-39,et-0/0/0,100,up,up,100G-LR4,38.5
port:acx-39:et-0/0/1,dev:acx-39,et-0/0/1,100,up,up,100G-LR4,38.5
port:acx-39:xe-0/0/0,dev:acx-39,xe-0/0/0,10,up,up,10G-SR,38.5
port:acx-39:xe-0/0/1,dev:acx-39,xe-0/0/1,10,up,up,10G-SR,38.5
port:acx-39:xe-0/0/2,dev:acx-39,xe-0/0/2,10,up,up,10G-SR,38.5
port:acx-39:xe-0/0/3,dev:acx-39,xe-0/0/3,10,up,up,10G-SR,38.5
port:acx-40:et-0/0/0,dev:acx-40,et-0/0/0,100,up,up,100G-LR4,38.5
port:acx-40:et-0/0/1,dev:acx-40,et-0/0/1,100,up,up,100G-LR4,38.5
port:acx-40:xe-0/0/0,dev:acx-40,xe-0/0/0,10,up,up,10G-SR,38.5
port:acx-40:xe-0/0/1,dev:acx-40,xe-0/0/1,10,up,up,10G-SR,38.5
port:acx-40:xe-0/0/2,dev:acx-40,xe-0/0/2,10,up,up,10G-SR,38.5
port:acx-40:xe-0/0/3,dev:acx-40,xe-0/0/3,10,up,up,10G-SR,38.5
port:olt-xg01:x1/0,dev:olt-xg01,x1/0,10,up,up,10G-SR,38.5
port:olt-xg01:x1/1,dev:olt-xg01,x1/1,10,up,up,10G-SR,38.5
port:olt-xg01:p1/0,dev:olt-xg01,p1/0,10,up,up,10G-SR,38.5
port:olt-xg01:p1/1,dev:olt-xg01,p1/1,10,up,up,10G-SR,38.5
port:olt-xg01:p1/2,dev:olt-xg01,p1/2,10,up,up,10G-SR,38.5
port:olt-xg01:p1/3,dev:olt-xg01,p1/3,10,up,up,10G-SR,38.5
port:olt-xg02:x1/0,dev:olt-xg02,x1/0,10,up,up,10G-SR,38.5
port:olt-xg02:x1/1,dev:olt-xg02,x1/1,10,up,up,10G-SR,38.5
port:olt-xg02:p1/0,dev:olt-xg02,p1/0,10,up,up,10G-SR,38.5
port:olt-xg02:p1/1,dev:olt-xg02,p1/1,10,up,up,10G-SR,38.5
port:olt-xg02:p1/2,dev:olt-xg02,p1/2,10,up,up,10G-SR,38.5
port:olt-xg02:p1/3,dev:olt-xg02,p1/3,10,up,up,10G-SR,38.5
port:olt-xg03:x1/0,dev:olt-xg03,x1/0,10,up,up,10G-SR,38.5
port:olt-xg03:x1/1,dev:olt-xg03,x1/1,10,up,up,10G-SR,38.5
port:olt-xg03:p1/0,dev:olt-xg03,p1/0,10,up,up,10G-SR,38.5
port:olt-xg03:p1/1,dev:olt-xg03,p1/1,10,up,up,10G-SR,38.5
port:olt-xg03:p1/2,dev:olt-xg03,p1/2,10,up,up,10G-SR,38.5
port:olt-xg03:p1/3,dev:olt-xg03,p1/3,10,up,up,10G-SR,38.5
port:olt-xg04:x1/0,dev:olt-xg04,x1/0,10,up,up,10G-SR,38.5
port:olt-xg04:x1/1,dev:olt-xg04,x1/1,10,up,up,10G-SR,38.5
port:olt-xg04:p1/0,dev:olt-xg04,p1/0,10,up,up,10G-SR,38.5
port:olt-xg04:p1/1,dev:olt-xg04,p1/1,10,up,up,10G-SR,38.5
port:olt-xg04:p1/2,dev:olt-xg04,p1/2,10,up,up,10G-SR,38.5
port:olt-xg04:p1/3,dev:olt-xg04,p1/3,10,up,up,10G-SR,38.5
port:olt-xg05:x1/0,dev:olt-xg05,x1/0,10,up,up,10G-SR,38.5
port:olt-xg05:x1/1,dev:olt-xg05,x1/1,10,up,up,10G-SR,38.5
port:olt-xg05:p1/0,dev:olt-xg05,p1/0,10,up,up,10G-SR,38.5
port:olt-xg05:p1/1,dev:olt-xg05,p1/1,10,up,up,10G-SR,38.5
port:olt-xg05:p1/2,dev:olt-xg05,p1/2,10,up,up,10G-SR,38.5
port:olt-xg05:p1/3,dev:olt-xg05,p1/3,10,up,up,10G-SR,38.5
port:olt-xg06:x1/0,dev:olt-xg06,x1/0,10,up,up,10G-SR,38.5
port:olt-xg06:x1/1,dev:olt-xg06,x1/1,10,up,up,10G-SR,38.5
port:olt-xg06:p1/0,dev:olt-xg06,p1/0,10,up,up,10G-SR,38.5
port:olt-xg06:p1/1,dev:olt-xg06,p1/1,10,up,up,10G-SR,38.5
port:olt-xg06:p1/2,dev:olt-xg06,p1/2,10,up,up,10G-SR,38.5
port:olt-xg06:p1/3,dev:olt-xg06,p1/3,10,up,up,10G-SR,38.5
port:olt-xg07:x1/0,dev:olt-xg07,x1/0,10,up,up,10G-SR,38.5
port:olt-xg07:x1/1,dev:olt-xg07,x1/1,10,up,up,10G-SR,38.5
port:olt-xg07:p1/0,dev:olt-xg07,p1/0,10,up,up,10G-SR,38.5
port:olt-xg07:p1/1,dev:olt-xg07,p1/1,10,up,up,10G-SR,38.5
port:olt-xg07:p1/2,dev:olt-xg07,p1/2,10,up,up,10G-SR,38.5
port:olt-xg07:p1/3,dev:olt-xg07,p1/3,10,up,up,10G-SR,38.5
port:olt-xg08:x1/0,dev:olt-xg08,x1/0,10,up,up,10G-SR,38.5
port:olt-xg08:x1/1,dev:olt-xg08,x1/1,10,up,up,10G-SR,38.5
port:olt-xg08:p1/0,dev:olt-xg08,p1/0,10,up,up,10G-SR,38.5
port:olt-xg08:p1/1,dev:olt-xg08,p1/1,10,up,up,10G-SR,38.5
port:olt-xg08:p1/2,dev:olt-xg08,p1/2,10,up,up,10G-SR,38.5
port:olt-xg08:p1/3,dev:olt-xg08,p1/3,10,up,up,10G-SR,38.5
port:olt-xg09:x1/0,dev:olt-xg09,x1/0,10,up,up,10G-SR,38.5
port:olt-xg09:x1/1,dev:olt-xg09,x1/1,10,up,up,10G-SR,38.5
port:olt-xg09:p1/0,dev:olt-xg09,p1/0,10,up,up,10G-SR,38.5
port:olt-xg09:p1/1,dev:olt-xg09,p1/1,10,up,up,10G-SR,38.5
port:olt-xg09:p1/2,dev:olt-xg09,p1/2,10,up,up,10G-SR,38.5
port:olt-xg09:p1/3,dev:olt-xg09,p1/3,10,up,up,10G-SR,38.5
port:olt-xg10:x1/0,dev:olt-xg10,x1/0,10,up,up,10G-SR,38.5
port:olt-xg10:x1/1,dev:olt-xg10,x1/1,10,up,up,10G-SR,38.5
port:olt-xg10:p1/0,dev:olt-xg10,p1/0,10,up,up,10G-SR,38.5
port:olt-xg10:p1/1,dev:olt-xg10,p1/1,10,up,up,10G-SR,38.5
port:olt-xg10:p1/2,dev:olt-xg10,p1/2,10,up,up,10G-SR,38.5
port:olt-xg10:p1/3,dev:olt-xg10,p1/3,10,up,up,10G-SR,38.5
port:olt-xg11:x1/0,dev:olt-xg11,x1/0,10,up,up,10G-SR,38.5
port:olt-xg11:x1/1,dev:olt-xg11,x1/1,10,up,up,10G-SR,38.5
port:olt-xg11:p1/0,dev:olt-xg11,p1/0,10,up,up,10G-SR,38.5
port:olt-xg11:p1/1,dev:olt-xg11,p1/1,10,up,up,10G-SR,38.5
port:olt-xg11:p1/2,dev:olt-xg11,p1/2,10,up,up,10G-SR,38.5
port:olt-xg11:p1/3,dev:olt-xg11,p1/3,10,up,up,10G-SR,38.5
port:olt-xg12:x1/0,dev:olt-xg12,x1/0,10,up,up,10G-SR,38.5
port:olt-xg12:x1/1,dev:olt-xg12,x1/1,10,up,up,10G-SR,38.5
port:olt-xg12:p1/0,dev:olt-xg12,p1/0,10,up,up,10G-SR,38.5
port:olt-xg12:p1/1,dev:olt-xg12,p1/1,10,up,up,10G-SR,38.5
port:olt-xg12:p1/2,dev:olt-xg12,p1/2,10,up,up,10G-SR,38.5
port:olt-xg12:p1/3,dev:olt-xg12,p1/3,10,up,up,10G-SR,38.5
port:olt-xg13:x1/0,dev:olt-xg13,x1/0,10,up,up,10G-SR,38.5
port:olt-xg13:x1/1,dev:olt-xg13,x1/1,10,up,up,10G-SR,38.5
port:olt-xg13:p1/0,dev:olt-xg13,p1/0,10,up,up,10G-SR,38.5
port:olt-xg13:p1/1,dev:olt-xg13,p1/1,10,up,up,10G-SR,38.5
port:olt-xg13:p1/2,dev:olt-xg13,p1/2,10,up,up,10G-SR,38.5
port:olt-xg13:p1/3,dev:olt-xg13,p1/3,10,up,up,10G-SR,38.5
port:olt-xg14:x1/0,dev:olt-xg14,x1/0,10,up,up,10G-SR,38.5
port:olt-xg14:x1/1,dev:olt-xg14,x1/1,10,up,up,10G-SR,38.5
port:olt-xg14:p1/0,dev:olt-xg14,p1/0,10,up,up,10G-SR,38.5
port:olt-xg14:p1/1,dev:olt-xg14,p1/1,10,up,up,10G-SR,38.5
port:olt-xg14:p1/2,dev:olt-xg14,p1/2,10,up,up,10G-SR,38.5
port:olt-xg14:p1/3,dev:olt-xg14,p1/3,10,up,up,10G-SR,38.5
port:olt-xg15:x1/0,dev:olt-xg15,x1/0,10,up,up,10G-SR,38.5
port:olt-xg15:x1/1,dev:olt-xg15,x1/1,10,up,up,10G-SR,38.5
port:olt-xg15:p1/0,dev:olt-xg15,p1/0,10,up,up,10G-SR,38.5
port:olt-xg15:p1/1,dev:olt-xg15,p1/1,10,up,up,10G-SR,38.5
port:olt-xg15:p1/2,dev:olt-xg15,p1/2,10,up,up,10G-SR,38.5
port:olt-xg15:p1/3,dev:olt-xg15,p1/3,10,up,up,10G-SR,38.5
port:olt-xg16:x1/0,dev:olt-xg16,x1/0,10,up,up,10G-SR,38.5
port:olt-xg16:x1/1,dev:olt-xg16,x1/1,10,up,up,10G-SR,38.5
port:olt-xg16:p1/0,dev:olt-xg16,p1/0,10,up,up,10G-SR,38.5
port:olt-xg16:p1/1,dev:olt-xg16,p1/1,10,up,up,10G-SR,38.5
port:olt-xg16:p1/2,dev:olt-xg16,p1/2,10,up,up,10G-SR,38.5
port:olt-xg16:p1/3,dev:olt-xg16,p1/3,10,up,up,10G-SR,38.5
port:olt-xg17:x1/0,dev:olt-xg17,x1/0,10,up,up,10G-SR,38.5
port:olt-xg17:x1/1,dev:olt-xg17,x1/1,10,up,up,10G-SR,38.5
port:olt-xg17:p1/0,dev:olt-xg17,p1/0,10,up,up,10G-SR,38.5
port:olt-xg17:p1/1,dev:olt-xg17,p1/1,10,up,up,10G-SR,38.5
port:olt-xg17:p1/2,dev:olt-xg17,p1/2,10,up,up,10G-SR,38.5
port:olt-xg17:p1/3,dev:olt-xg17,p1/3,10,up,up,10G-SR,38.5
port:olt-xg18:x1/0,dev:olt-xg18,x1/0,10,up,up,10G-SR,38.5
port:olt-xg18:x1/1,dev:olt-xg18,x1/1,10,up,up,10G-SR,38.5
port:olt-xg18:p1/0,dev:olt-xg18,p1/0,10,up,up,10G-SR,38.5
port:olt-xg18:p1/1,dev:olt-xg18,p1/1,10,up,up,10G-SR,38.5
port:olt-xg18:p1/2,dev:olt-xg18,p1/2,10,up,up,10G-SR,38.5
port:olt-xg18:p1/3,dev:olt-xg18,p1/3,10,up,up,10G-SR,38.5
port:olt-xg19:x1/0,dev:olt-xg19,x1/0,10,up,up,10G-SR,38.5
port:olt-xg19:x1/1,dev:olt-xg19,x1/1,10,up,up,10G-SR,38.5
port:olt-xg19:p1/0,dev:olt-xg19,p1/0,10,up,up,10G-SR,38.5
port:olt-xg19:p1/1,dev:olt-xg19,p1/1,10,up,up,10G-SR,38.5
port:olt-xg19:p1/2,dev:olt-xg19,p1/2,10,up,up,10G-SR,38.5
port:olt-xg19:p1/3,dev:olt-xg19,p1/3,10,up,up,10G-SR,38.5
port:olt-xg20:x1/0,dev:olt-xg20,x1/0,10,up,up,10G-SR,38.5
port:olt-xg20:x1/1,dev:olt-xg20,x1/1,10,up,up,10G-SR,38.5
port:olt-xg20:p1/0,dev:olt-xg20,p1/0,10,up,up,10G-SR,38.5
port:olt-xg20:p1/1,dev:olt-xg20,p1/1,10,up,up,10G-SR,38.5
port:olt-xg20:p1/2,dev:olt-xg20,p1/2,10,up,up,10G-SR,38.5
port:olt-xg20:p1/3,dev:olt-xg20,p1/3,10,up,up,10G-SR,38.5
port:olt-xg21:x1/0,dev:olt-xg21,x1/0,10,up,up,10G-SR,38.5
port:olt-xg21:x1/1,dev:olt-xg21,x1/1,10,up,up,10G-SR,38.5
port:olt-xg21:p1/0,dev:olt-xg21,p1/0,10,up,up,10G-SR,38.5
port:olt-xg21:p1/1,dev:olt-xg21,p1/1,10,up,up,10G-SR,38.5
port:olt-xg21:p1/2,dev:olt-xg21,p1/2,10,up,up,10G-SR,38.5
port:olt-xg21:p1/3,dev:olt-xg21,p1/3,10,up,up,10G-SR,38.5
port:olt-xg22:x1/0,dev:olt-xg22,x1/0,10,up,up,10G-SR,38.5
port:olt-xg22:x1/1,dev:olt-xg22,x1/1,10,up,up,10G-SR,38.5
port:olt-xg22:p1/0,dev:olt-xg22,p1/0,10,up,up,10G-SR,38.5
port:olt-xg22:p1/1,dev:olt-xg22,p1/1,10,up,up,10G-SR,38.5
port:olt-xg22:p1/2,dev:olt-xg22,p1/2,10,up,up,10G-SR,38.5
port:olt-xg22:p1/3,dev:olt-xg22,p1/3,10,up,up,10G-SR,38.5
port:olt-xg23:x1/0,dev:olt-xg23,x1/0,10,up,up,10G-SR,38.5
port:olt-xg23:x1/1,dev:olt-xg23,x1/1,10,up,up,10G-SR,38.5
port:olt-xg23:p1/0,dev:olt-xg23,p1/0,10,up,up,10G-SR,38.5
port:olt-xg23:p1/1,dev:olt-xg23,p1/1,10,up,up,10G-SR,38.5
port:olt-xg23:p1/2,dev:olt-xg23,p1/2,10,up,up,10G-SR,38.5
port:olt-xg23:p1/3,dev:olt-xg23,p1/3,10,up,up,10G-SR,38.5
port:olt-xg24:x1/0,dev:olt-xg24,x1/0,10,up,up,10G-SR,38.5
port:olt-xg24:x1/1,dev:olt-xg24,x1/1,10,up,up,10G-SR,38.5
port:olt-xg24:p1/0,dev:olt-xg24,p1/0,10,up,up,10G-SR,38.5
port:olt-xg24:p1/1,dev:olt-xg24,p1/1,10,up,up,10G-SR,38.5
port:olt-xg24:p1/2,dev:olt-xg24,p1/2,10,up,up,10G-SR,38.5
port:olt-xg24:p1/3,dev:olt-xg24,p1/3,10,up,up,10G-SR,38.5
port:olt-xg25:x1/0,dev:olt-xg25,x1/0,10,up,up,10G-SR,38.5
port:olt-xg25:x1/1,dev:olt-xg25,x1/1,10,up,up,10G-SR,38.5
port:olt-xg25:p1/0,dev:olt-xg25,p1/0,10,up,up,10G-SR,38.5
port:olt-xg25:p1/1,dev:olt-xg25,p1/1,10,up,up,10G-SR,38.5
port:olt-xg25:p1/2,dev:olt-xg25,p1/2,10,up,up,10G-SR,38.5
port:olt-xg25:p1/3,dev:olt-xg25,p1/3,10,up,up,10G-SR,38.5
port:olt-xg26:x1/0,dev:olt-xg26,x1/0,10,up,up,10G-SR,38.5
port:olt-xg26:x1/1,dev:olt-xg26,x1/1,10,up,up,10G-SR,38.5
port:olt-xg26:p1/0,dev:olt-xg26,p1/0,10,up,up,10G-SR,38.5
port:olt-xg26:p1/1,dev:olt-xg26,p1/1,10,up,up,10G-SR,38.5
port:olt-xg26:p1/2,dev:olt-xg26,p1/2,10,up,up,10G-SR,38.5
port:olt-xg26:p1/3,dev:olt-xg26,p1/3,10,up,up,10G-SR,38.5
port:olt-xg27:x1/0,dev:olt-xg27,x1/0,10,up,up,10G-SR,38.5
port:olt-xg27:x1/1,dev:olt-xg27,x1/1,10,up,up,10G-SR,38.5
port:olt-xg27:p1/0,dev:olt-xg27,p1/0,10,up,up,10G-SR,38.5
port:olt-xg27:p1/1,dev:olt-xg27,p1/1,10,up,up,10G-SR,38.5
port:olt-xg27:p1/2,dev:olt-xg27,p1/2,10,up,up,10G-SR,38.5
port:olt-xg27:p1/3,dev:olt-xg27,p1/3,10,up,up,10G-SR,38.5
port:olt-xg28:x1/0,dev:olt-xg28,x1/0,10,up,up,10G-SR,38.5
port:olt-xg28:x1/1,dev:olt-xg28,x1/1,10,up,up,10G-SR,38.5
port:olt-xg28:p1/0,dev:olt-xg28,p1/0,10,up,up,10G-SR,38.5
port:olt-xg28:p1/1,dev:olt-xg28,p1/1,10,up,up,10G-SR,38.5
port:olt-xg28:p1/2,dev:olt-xg28,p1/2,10,up,up,10G-SR,38.5
port:olt-xg28:p1/3,dev:olt-xg28,p1/3,10,up,up,10G-SR,38.5
port:olt-xg29:x1/0,dev:olt-xg29,x1/0,10,up,up,10G-SR,38.5
port:olt-xg29:x1/1,dev:olt-xg29,x1/1,10,up,up,10G-SR,38.5
port:olt-xg29:p1/0,dev:olt-xg29,p1/0,10,up,up,10G-SR,38.5
port:olt-xg29:p1/1,dev:olt-xg29,p1/1,10,up,up,10G-SR,38.5
port:olt-xg29:p1/2,dev:olt-xg29,p1/2,10,up,up,10G-SR,38.5
port:olt-xg29:p1/3,dev:olt-xg29,p1/3,10,up,up,10G-SR,38.5
